year,f2016
1989,4.791094201
1990,5.419216029
1991,4.215830091
1992,3.041615667
1993,2.969650175
1994,2.595604776
1995,2.805419689
1996,2.936672864
1997,2.337565744
1998,1.547007216
1999,2.19313941
2000,3.366683342
2001,2.816628757
2002,1.595669569
2003,2.297998517
2004,2.667572464
2005,3.365829988
2006,3.22208945
2007,2.870550296
2008,3.814953399
2009,-0.320357593
2010,1.63656955
2011,3.139652277
2012,2.073190974
2013,1.465971551
2014,1.615463288
2015,0.121137233
2016,1.33
2017,2.33
2018,2.38
2019,2.39
2020,2.42
2021,2.42
2022,2.41
2023,2.4
2024,2.41
2025,2.43
2026,2.43
