year,pc,cpiu
1950,0.1325175,0.240625
1951,0.141545,0.259733333
1952,0.1444475,0.265666667
1953,0.146345,0.267683333
1954,0.14758,0.26865
1955,0.148155,0.267958333
1956,0.1511075,0.271908333
1957,0.1556975,0.281133333
1958,0.1593825,0.288808333
1959,0.1617575,0.2915
1960,0.1644125,0.29585
1961,0.166115,0.299016667
1962,0.1680625,0.302533333
1963,0.1700725,0.306333333
1964,0.172535,0.310383333
1965,0.17502,0.315283333
1966,0.179445,0.324708333
1967,0.1839525,0.33375
1968,0.1911525,0.347916667
1969,0.19976,0.366833333
1970,0.2091,0.388416667
1971,0.21798,0.404833333
1972,0.2254175,0.418083333
1973,0.237555,0.44425
1974,0.2622875,0.493166667
1975,0.28415,0.53825
1976,0.2997375,0.569333333
1977,0.3192325,0.606166667
1978,0.341445,0.652416667
1979,0.3717825,0.725833333
1980,0.411815,0.823833333
1981,0.44871,0.909333333
1982,0.473635,0.965333333
1983,0.4937825,0.995833333
1984,0.51243,1.039333333
1985,0.5303075,1.076
1986,0.5418425,1.096916667
1987,0.55855,1.136166667
1988,0.580375,1.18275
1989,0.60572,1.239416667
1990,0.632315,1.306583333
1991,0.653455,1.361666667
1992,0.6708725,1.403083333
1993,0.687585,1.44475
1994,0.70193,1.48225
1995,0.7167125,1.523833333
1996,0.7320375,1.568583333
1997,0.74478,1.60525
1998,0.750705,1.630083333
1999,0.7616425,1.665833333
2000,0.780905,1.721916667
2001,0.7965625,1.770416667
2002,0.8070175,1.798666667
2003,0.823975,1.84
2004,0.84443,1.889083333
2005,0.8687575,1.952666667
2006,0.89322,2.015583333
2007,0.9161425,2.073441667
2008,0.943255,2.1525425
2009,0.9406275,2.145646667
2010,0.9574725,2.180761667
2011,0.981695,2.24923
2012,1,2.295860833
2013,1.0135425,2.3295175
2014,1.028865,2.36715
2015,1.031155,2.3700175
2016,1.0414825,2.400054167
2017,1.060515,2.45121
2018,1.0831825,2.510989167
2019,1.09922,2.556465
2020,1.112245,2.5883825
2021,1.15529,2.709654
2022,1.214071155,2.874969991
2023,1.246292604,2.963950312
2024,1.273200061,3.034996201
2025,1.29909695,3.104983213
2026,1.32509188,3.176801475
2027,1.35162022,3.251106861
2028,1.378841851,3.327800472
2029,1.406804764,3.406735899
2030,1.4353629,3.487237069
2031,1.464371585,3.568977906
2032,1.49379081,3.652063711
