blank,year,cola_benefit_inc,awi_amt,awi_inc,contribution_benefit_base,retearn_test_under_NRA,retearn_test_at_NRA
,1975,8,8630.92,7.5,14100,2520,2520
,1976,6.4,9226.48,6.9,15300,2760,2760
,1977,5.9,9779.44,6,16500,3000,3000
,1978,6.5,10556.03,7.9,17700,3240,4000
,1979,9.9,11479.46,8.7,22900,3480,4500
,1980,14.3,12513.46,9,25900,3720,5000
,1981,11.2,13773.1,10.1,29700,4080,5500
,1982,7.4,14531.34,5.5,32400,4440,6000
,1983,3.5,15239.24,4.9,35700,4920,6600
,1984,3.5,16135.07,5.9,37800,5160,6960
,1985,3.1,16822.51,4.3,39600,5400,7320
,1986,1.3,17321.82,3,42000,5760,7800
,1987,4.2,18426.51,6.4,43800,6000,8160
,1988,4,19334.04,4.9,45000,6120,8400
,1989,4.7,20099.55,4,48000,6480,8880
,1990,5.4,21027.98,4.6,51300,6840,9360
,1991,3.7,21811.6,3.7,53400,7080,9720
,1992,3,22935.42,5.2,55500,7440,10200
,1993,2.6,23132.67,0.9,57600,7680,10560
,1994,2.8,23753.53,2.7,60600,8040,11160
,1995,2.6,24705.66,4,61200,8160,11280
,1996,2.9,25913.9,4.9,62700,8280,12500
,1997,2.1,27426,5.8,65400,8640,13500
,1998,1.3,28861.44,5.2,68400,9120,14500
,1999,2.5,30469.84,5.6,72600,9600,15500
,2000,3.5,32154.82,5.5,76200,10080,17000
,2001,2.6,32921.92,2.4,80400,10680,25000
,2002,1.4,33252.09,1,84900,11280,30000
,2003,2.1,34064.95,2.4,87000,11520,30720
,2004,2.7,35648.55,4.6,87900,11640,31080
,2005,4.1,36952.94,3.7,90000,12000,31800
,2006,3.3,38651.41,4.6,94200,12480,33240
,2007,2.3,40405.48,4.5,97500,12960,34440
,2008,5.8,41334.97,2.3,102000,13560,36120
,2009,0,40711.61,-1.5,106800,14160,37680
,2010,0,41673.83,2.4,106800,14160,37680
,2011,3.6,42979.61,3.1,106800,14160,37680
,2012,1.7,44321.67,3.1,110100,14640,38880
,2013,1.5,44888.16,1.3,113700,15120,40080
,2014,1.7,46481.52,3.5,117000,15480,41400
,2015,0,48098.63,3.5,118500,15720,41880
,2016,0.3,48642.15,1.1,118500,15720,41880
,2017,2,50321.89,3.5,127200,16920,44880
,2018,2.8,52145.8,3.6,128400,17040,45360
,2019,1.6,54099.99,3.7,132900,17640,46920
,2020,1.3,55628.6,2.8,137700,18240,48600
,2021,5.9,60575.07,8.9,142800,18960,50520
,2022,8.7,63795.13,5.3,147000,19560,51960
,2023,3.2,66251.14,3.8,160200,21240,56520
,2024,2.6,68792.94,3.8,168600,22320,59520
,2025,2.2,71244.83,3.6,174900,23280,61800
,2026,2.4,74091.92,4,181800,24120,64200
,2027,2.4,77253.92,4.3,188100,24960,66480
,2028,2.4,80803.65,4.6,195900,25920,69120
,2029,2.4,84369.71,4.4,204000,27120,72120
,2030,2.4,88032.62,4.3,213600,28320,75360
,2031,2.4,91881.05,4.4,222900,29520,78720
,2032,2.4,95915.51,4.4,232500,30840,82080
,2033,2.4,99767.94,4,242700,32160,85680
