Year,OASI,DI,OASDI
2034,25,,
2035,26,,23
2036,26,,23
2037,26,,23
2038,26,,23
2039,26,,23
2040,25,,22
2041,25,,23
2042,25,,23
2043,25,,23
2044,25,,23
2045,25,,23
2046,25,,23
2047,25,,23
2048,25,,23
2049,25,,23
2050,25,,24
2051,26,,24
2052,26,,25
2053,26,,25
2054,27,,25
2055,27,,25
2056,27,,26
2057,27,,26
2058,28,,26
2059,28,,26
2060,27,,26
2061,28,,26
2062,28,,26
2063,29,,27
2064,28,,27
2065,29,13,27
2066,29,13,27
2067,29,12,27
2068,30,14,28
2069,30,14,28
2070,30,13,28
2071,30,13,28
2072,31,13,29
2073,31,11,28
2074,31,12,29
2075,31,11,29
2076,32,10,29
2077,32,10,29
2078,32,10,29
2079,32,8,29
2080,31,10,29
2081,32,9,29
2082,31,9,29
2083,32,8,29
2084,31,7,28
2085,31,7,29
2086,31,8,29
2087,31,7,28
2088,31,7,28
2089,31,8,28
2090,31,10,28
2091,31,8,28
2092,30,7,28
2093,31,8,28
2094,30,8,28
2095,30,7,28
2096,30,8,28
2097,30,7,28
2098,30,6,28
